{"0": 14.642171572, "1": 16.08436809, "2": 14.281937253000002, "3": 14.529731454999997, "4": 15.801419281000008, "5": 16.041144786999993, "6": 14.057436298999988, "7": 14.52539599699999, "8": 14.404681338000017, "9": 14.376674088000016}
