{"0": 3.339602212999999, "1": 2.896938299000002, "2": 3.1495660559999976, "3": 3.337179625000001, "4": 3.1669548899999995, "5": 3.1152114730000022, "6": 2.9773524679999994, "7": 3.1879237660000044, "8": 3.0988913879999984, "9": 3.2530974430000015}