{"0": 29.902029801999994, "1": 29.39527753899999, "2": 28.729583757, "3": 30.001923159, "4": 30.008093739000003, "5": 29.545878377999998, "6": 29.44351807800001, "7": 28.311620869000024, "8": 30.989772422999977, "9": 28.905491377999965}