{"0": 25.427269771, "1": 27.354339162000002, "2": 24.319975129, "3": 25.47814444800001, "4": 24.931565596999988, "5": 24.820488421999983, "6": 23.765602279999996, "7": 23.543569641000005, "8": 23.727584739999998, "9": 23.366435704000025}