{"0": 10.330078943, "1": 11.140002402, "2": 8.233142211, "3": 7.687165293, "4": 7.501266919999999, "5": 7.328913660999994, "6": 7.793599216000004, "7": 7.394450669999998, "8": 7.5107240709999985, "9": 7.257859855000007}
