{"0": 23.607988799, "1": 22.319060948999997, "2": 22.450695969, "3": 24.194525598, "4": 23.801075616999995, "5": 23.55076034800001, "6": 24.241316972999982, "7": 23.145570669000023, "8": 22.736487399999987, "9": 23.087376664000004}