{"0": 11.680632804000002, "1": 12.243735267000002, "2": 10.371981001999998, "3": 10.918456288000002, "4": 10.689921715000004, "5": 10.841138772999997, "6": 11.683665426999994, "7": 10.751159255000005, "8": 10.484495378000005, "9": 11.104690262000005}