{"0": 7.808392307, "1": 7.506452697, "2": 7.482579463, "3": 7.064564214000001, "4": 8.686095740999995, "5": 7.275981571999999, "6": 8.660776687000002, "7": 6.906023509999997, "8": 6.948470690999997, "9": 6.9910450669999875}