{"0": 20.315780807, "1": 21.458576016000002, "2": 19.83434975000001, "3": 18.959669332000004, "4": 19.045455466999996, "5": 18.076796807000008, "6": 18.756398479000012, "7": 18.758857562999992, "8": 17.77548698299998, "9": 19.52778016100001}
