{"0": 34.447888015000004, "1": 32.533324949, "2": 32.814089787, "3": 34.127649831000014, "4": 34.372764931000006, "5": 32.501686002000014, "6": 33.584993091, "7": 33.67770704200001}