{"0": 21.816273437, "1": 22.458855285, "2": 24.149201655, "3": 22.651882102000002, "4": 21.212421444, "5": 21.399207179, "6": 23.039120440000005, "7": 22.260026186999994, "8": 21.48666262399999, "9": 22.588505658999992}
