{"0": 20.590704754, "1": 19.952115515000003, "2": 19.651055325, "3": 19.569540218, "4": 18.727906014999988, "5": 18.293529205, "6": 18.319448942000008, "7": 18.70714049900002, "8": 18.582935496000005, "9": 20.103950275999978}