{"0": 14.557958168999999, "1": 13.848311566000003, "2": 15.909349233999997, "3": 14.745823458000004, "4": 14.303130238000008, "5": 14.093513325000004, "6": 15.212419526999994, "7": 13.914570608999995, "8": 14.055941440000012, "9": 13.955012968000005}