{"0": 21.860401344, "1": 21.975550116, "2": 21.734763873, "3": 21.826436087000005, "4": 22.605941998999995, "5": 20.898184424000007, "6": 22.310784262, "7": 21.01866360599999, "8": 21.285045728, "9": 23.611737543000004}