{"0": 11.251797099000001, "1": 11.791566367000001, "2": 11.927253164, "3": 10.736270607000002, "4": 11.405974948, "5": 10.673815379999994, "6": 11.368739023999993, "7": 11.670627058000008, "8": 11.347103075000007, "9": 10.259475026000004}