{"0": 372.68867500000005, "1": 307.9198399999994, "2": 439.2431720000003, "3": 363.26352099999946, "4": 337.41744800000004, "5": 371.9716560000004, "6": 431.0280599999992, "7": 344.66227199999986, "8": 312.45879999999994, "9": 451.85359200000084, "10": 340.7103419999995, "11": 352.89404999999977, "12": 373.70676200000116, "13": 319.6619280000004, "14": 347.44762499999916, "15": 411.67836300000005, "16": 434.70245500000004, "17": 391.16812400000003, "18": 372.3204990000006, "19": 472.5069409999989, "20": 345.82022700000084, "21": 369.788852000001, "22": 380.2285019999996, "23": 444.0464759999987, "24": 418.8583700000006, "25": 343.7798829999998, "26": 461.8464469999992, "27": 362.5938139999985, "28": 300.9324539999998, "29": 393.36752300000023, "30": 373.07955500000037, "31": 339.2181940000007, "32": 323.6679979999977, "33": 426.47252300000105, "34": 366.61876200000165, "35": 322.89581499999895, "36": 362.6940579999989, "37": 440.34641899999724, "38": 387.7534730000001, "39": 367.37660100000016, "40": 1107.2502799999988, "41": 384.355223, "42": 400.35878100000133, "43": 329.4371510000005, "44": 455.0382800000001, "45": 335.431572000001, "46": 355.350142999999, "47": 361.8905300000001, "48": 355.78162500000235, "49": 319.057499000003, "50": 321.55268500000034, "51": 393.8647720000006, "52": 312.7425989999999, "53": 361.94885400000135, "54": 438.2917450000008, "55": 424.779682999997, "56": 349.8192419999988, "57": 429.0371489999991, "58": 435.19339400000234, "59": 365.3850279999986, "60": 415.6054900000008, "61": 293.05636500000173, "62": 384.55338600000033, "63": 324.14675599999754, "64": 389.363792000001, "65": 403.7883969999996, "66": 328.9936229999988, "67": 372.34227399999753, "68": 295.42777800000056, "69": 424.2632429999986, "70": 372.5803040000031, "71": 340.26071599999597, "72": 366.87445399999774, "73": 373.7197949999995, "74": 336.1973270000007, "75": 363.3637120000017, "76": 429.06970299999614, "77": 316.1479159999985, "78": 342.17615700000437, "79": 368.0878219999997, "80": 402.0494010000064, "81": 336.40871699999764, "82": 333.72540699999576, "83": 446.21602800000204, "84": 328.69226900000115, "85": 340.50292999999954, "86": 410.5990639999959, "87": 440.333803999998, "88": 335.8231230000044, "89": 476.23821999999905, "90": 482.9596780000003, "91": 340.780162999998, "92": 418.4880110000009, "93": 467.2394870000005, "94": 344.99049499999757, "95": 407.39624500000104, "96": 392.1482200000028, "97": 359.84146799999905, "98": 360.3958630000008, "99": 346.1446899999956}