{"0": 411.40108200000026, "1": 448.79774599999945, "2": 394.857536, "3": 332.4394609999999, "4": 434.3440049999998, "5": 473.22627500000004, "6": 330.7307399999999, "7": 382.11537000000015, "8": 427.3418319999997, "9": 333.0884419999993, "10": 394.2907389999988, "11": 412.7227859999998, "12": 317.60925400000065, "13": 359.9028920000009, "14": 474.4199760000001, "15": 404.8855210000006, "16": 320.1401839999995, "17": 360.31197199999986, "18": 408.9752069999992, "19": 374.41339000000085, "20": 397.3718909999988, "21": 424.1115510000011, "22": 369.96454900000055, "23": 417.8234829999994, "24": 688.871047000001, "25": 601.5344780000014, "26": 573.2417229999988, "27": 568.9460310000029, "28": 348.99811400000044, "29": 322.7197359999998, "30": 523.4485959999979, "31": 371.56658900000036, "32": 331.9853120000005, "33": 371.22314500000186, "34": 409.758441000001, "35": 327.3293300000013, "36": 361.63366400000285, "37": 415.9184539999998, "38": 365.8886790000011, "39": 404.8218780000035, "40": 423.2945749999999, "41": 355.5738630000001, "42": 383.3228799999979, "43": 308.67593400000004, "44": 447.0851499999995, "45": 404.8081890000006, "46": 329.9809809999985, "47": 410.682480000002, "48": 372.0946349999998, "49": 382.25643399999854, "50": 425.58411699999965, "51": 485.63179599999984, "52": 364.35796700000014, "53": 321.9388280000004, "54": 473.3334529999986, "55": 305.12934500000097, "56": 384.0626170000014, "57": 422.64525500000263, "58": 359.04284399999756, "59": 366.39415199999803, "60": 389.0433639999991, "61": 465.12549199999853, "62": 443.77369600000094, "63": 322.22543600000006, "64": 441.2022700000016, "65": 351.6597909999995, "66": 392.08113699999814, "67": 341.0961559999954, "68": 419.48764300000363, "69": 398.0196389999975, "70": 342.63452900000146, "71": 378.4794439999999, "72": 329.55645700000247, "73": 320.26868799999875, "74": 425.8200929999987, "75": 415.7749469999956, "76": 369.9755689999975, "77": 332.24735399999616, "78": 520.3565149999961, "79": 332.5659360000017, "80": 349.45395599999785, "81": 434.7684079999965, "82": 368.45550900000035, "83": 359.4406850000027, "84": 296.3450089999995, "85": 438.4300780000032, "86": 381.91343100000097, "87": 367.24918700000586, "88": 374.08121299999664, "89": 401.5746749999991, "90": 536.7932830000016, "91": 415.7915410000044, "92": 382.6731429999981, "93": 334.3706909999966, "94": 330.3557409999982, "95": 407.7930010000017, "96": 338.34299800000167, "97": 353.2486370000001, "98": 408.70635899999996, "99": 393.11791000000085}